total_signals,completed_trades,entry_success_rate,average_return,win_rate,sharpe_ratio,max_drawdown
118,114,96.61016949152543,18.94938596491228,47.368421052631575,0.4127261603731489,-46.5
