total_signals,completed_trades,entry_success_rate,average_return,win_rate,sharpe_ratio,max_drawdown
106,102,96.22641509433963,17.671176470588236,45.09803921568628,0.3873698111052501,-46.5
